{
    "Symbol": [
        "aipad",
        "alph",
        "zrx",
        "aioz",
        "acq"
    ],
    "Min": [
        345228.8241964495,
        9336434.931869926,
        21292431.16077809,
        11771224.71219844,
        431465.8300433668
    ],
    "Max": [
        15621093.89951694,
        171013992.586299,
        376690861.2073607,
        194866643.9964397,
        10480858.11125515
    ],
    "Profit": [
        9324674.784220453,
        113939643.53470895,
        231283069.55456382,
        115905640.06853113,
        3025995.694682997
    ],
    "PercentChange": [
        2099.0828744194628,
        1209.7266575453073,
        1056.3287994582665,
        955.5200758899402,
        675.9140443210501
    ]
}