{
    "Symbol": [
        "alb",
        "dlt",
        "adax",
        "ad",
        "act"
    ],
    "Min": [
        138842.2598903539,
        5903.930024525667,
        174473.8130112268,
        82918.54114599022,
        828954.7300950526
    ],
    "Max": [
        817850.1120495655,
        71824.8789307434,
        4033118.361692754,
        715554.9102100268,
        17804896.7695658
    ],
    "Profit": [
        -423908.2618148017,
        -18722.797162096147,
        -711126.9967150607,
        -583096.0022793346,
        -12055215.818156833
    ],
    "PercentChange": [
        73.9022025982248,
        74.54060100136158,
        77.51983230937995,
        82.37121199927398,
        93.32740381858343
    ]
}